,PaymentMethod,PaymentID,OrderID,PaymentDate,PaymentAmount
0,Cash,1.0,2.0,7/10/2003,603.5
1,Cash,2.0,4.0,7/12/2003,1288.0
2,Cash,4.0,5.0,7/15/2003,1800.0
3,Cash,5.0,6.0,7/14/2003,389.5
4,Cash,6.0,7.0,7/15/2003,1479.0
5,Cash,7.0,8.0,7/14/2003,2028.85
6,Cash,8.0,9.0,7/15/2003,1315.1
7,Cash,9.0,10.0,7/16/2003,2603.0
8,Cash,10.0,11.0,7/16/2003,319.0
9,Cash,11.0,5.0,7/16/2003,559.5
10,Cash,12.0,12.0,7/17/2003,481.5
11,Cash,13.0,13.0,7/18/2003,1819.5
12,Cash,14.0,14.0,7/18/2003,13.1
13,Cash,15.0,15.0,7/18/2003,12.0
14,Cash,16.0,16.0,7/19/2003,16.7
15,Cash,17.0,17.0,7/21/2003,968.0
16,Cash,18.0,18.0,7/22/2003,80.1
17,Cash,19.0,19.0,7/22/2003,548.0
18,Cash,20.0,20.0,7/22/2003,2100.0
19,Cash,21.0,21.0,7/22/2003,2769.35
20,Cash,22.0,22.0,7/23/2003,352.5
21,Cash,23.0,23.0,7/23/2003,867.0
22,Cash,24.0,20.0,7/23/2003,47.0
23,Cash,25.0,24.0,7/23/2003,2120.1
24,Cash,26.0,25.0,7/24/2003,16.3
25,Cash,27.0,26.0,7/24/2003,1457.0
26,Cash,28.0,15.0,7/24/2003,2.0
27,Cash,29.0,27.0,7/24/2003,11.6
28,Cash,30.0,28.0,7/25/2003,2705.2
29,Cash,31.0,29.0,7/25/2003,9672.3
30,Cash,32.0,30.0,7/25/2003,3.0
31,Cash,33.0,31.0,7/28/2003,2096.2
32,Cash,34.0,31.0,7/29/2003,1000.0
33,Cash,35.0,32.0,7/29/2003,237.0
34,Cash,36.0,35.0,7/29/2003,1176.9
35,Cash,37.0,36.0,7/29/2003,28.1
36,Cash,38.0,37.0,7/30/2003,1222.6
37,Cash,39.0,33.0,7/30/2003,1766.6
38,Cash,40.0,34.0,7/31/2003,1113.6
39,Cash,41.0,39.0,7/31/2003,8.4
40,Cash,42.0,40.0,8/1/2003,1910.85
41,Cash,43.0,41.0,8/2/2003,3602.0
42,Cash,44.0,38.0,8/2/2003,935.5
43,Cash,45.0,43.0,8/5/2003,776.2
44,Cash,46.0,44.0,8/5/2003,1048.25
45,Cash,47.0,45.0,8/5/2003,509.0
46,Cash,48.0,46.0,8/5/2003,166.7
47,Cash,49.0,47.0,8/5/2003,934.5
48,Cash,50.0,48.0,8/5/2003,418.5
49,Cash,51.0,49.0,8/5/2003,1137.1
50,Cash,52.0,50.0,8/5/2003,15.1
51,Cash,53.0,42.0,8/6/2003,2305.0
52,Cash,54.0,51.0,8/6/2003,532.5
53,Cash,55.0,53.0,8/7/2003,124.0
54,Cash,56.0,52.0,8/6/2003,896.0
55,Cash,57.0,55.0,8/8/2003,110.2
56,Cash,58.0,54.0,8/8/2003,4000.0
57,Cash,59.0,56.0,8/9/2003,763.5
58,Cash,60.0,54.0,8/9/2003,562.5
59,Cash,61.0,57.0,8/11/2003,893.5
60,Cash,62.0,58.0,8/11/2003,789.5
61,Cash,63.0,59.0,8/12/2003,801.0
62,Cash,64.0,60.0,8/13/2003,3606.0
63,Cash,65.0,61.0,8/13/2003,370.5
64,Cash,66.0,62.0,8/13/2003,1714.0
65,Cash,67.0,66.0,8/13/2003,483.87
66,Cash,68.0,63.0,8/14/2003,1044.8
67,Cash,69.0,67.0,8/14/2003,3580.0
68,Cash,70.0,66.0,8/14/2003,837.23
69,Cash,71.0,68.0,8/14/2003,26.9
70,Cash,72.0,69.0,8/14/2003,3212.0
71,Cash,73.0,70.0,8/15/2003,602.6
72,Cash,74.0,73.0,8/15/2003,43.3
73,Cash,75.0,74.0,8/15/2003,3277.4
74,Cash,76.0,72.0,8/15/2003,76.1
75,Cash,77.0,75.0,8/16/2003,1542.5
76,Cash,78.0,76.0,8/16/2003,1469.4
77,Cash,79.0,71.0,8/16/2003,10891.7
78,Cash,80.0,77.0,8/16/2003,252.0
79,Cash,81.0,78.0,8/16/2003,749.9
80,Cash,82.0,80.0,8/18/2003,235.1
81,Cash,83.0,79.0,8/18/2003,932.4
82,Cash,84.0,81.0,8/18/2003,505.0
83,Cash,85.0,82.0,8/18/2003,1070.05
84,Cash,86.0,83.0,8/19/2003,96.8
85,Cash,87.0,84.0,8/19/2003,2093.0
86,Cash,88.0,85.0,8/19/2003,456.0
87,Cash,89.0,86.0,8/19/2003,2348.2
88,Cash,90.0,87.0,8/19/2003,378.0
89,Cash,91.0,88.0,8/20/2003,3635.0
90,Cash,92.0,89.0,8/20/2003,940.2
91,Cash,93.0,90.0,8/20/2003,335.0
92,Cash,94.0,92.0,8/20/2003,809.0
93,Cash,95.0,91.0,8/20/2003,1734.15
94,Cash,96.0,93.0,8/20/2003,900.0
95,Cash,97.0,94.0,8/20/2003,25.7
96,Cash,98.0,95.0,8/22/2003,269.2
97,Cash,99.0,96.0,8/22/2003,7.8
98,Cash,100.0,97.0,8/22/2003,2072.4
99,Cash,101.0,98.0,8/22/2003,2277.0
100,Cash,102.0,99.0,8/22/2003,1189.5
101,Cash,103.0,102.0,8/23/2003,1166.5
102,Cash,104.0,101.0,8/23/2003,4879.0
103,Cash,105.0,103.0,8/23/2003,7.3
104,Cash,111.0,104.0,8/25/2003,206.6
105,Cash,112.0,105.0,8/25/2003,673.37
106,Cash,113.0,98.0,8/25/2003,188.0
107,Cash,114.0,106.0,8/26/2003,1090.0
108,Cash,115.0,107.0,8/26/2003,895.0
109,Cash,116.0,108.0,8/27/2003,2768.0
110,Cash,117.0,106.0,8/26/2003,37.95
111,Cash,118.0,100.0,8/28/2003,23.5
112,Cash,119.0,109.0,8/29/2003,1430.0
113,Cash,120.0,111.0,8/30/2003,12.4
114,Cash,121.0,113.0,8/30/2003,8.75
115,Cash,122.0,114.0,8/29/2003,400.0
116,Cash,123.0,108.0,8/28/2003,1260.0
117,Cash,124.0,116.0,9/2/2003,3134.0
118,Cash,125.0,117.0,9/2/2003,920.0
119,Cash,126.0,118.0,9/1/2003,1077.5
120,Cash,127.0,119.0,9/3/2003,37.8
121,Cash,129.0,121.0,9/3/2003,660.0
122,Cash,130.0,120.0,9/3/2003,1628.2
123,Cash,131.0,122.0,9/4/2003,20.9
124,Cash,132.0,124.0,9/4/2003,87.2
125,Cash,133.0,125.0,9/5/2003,526.3
126,Cash,134.0,127.0,9/6/2003,788.7
127,Cash,135.0,128.0,9/6/2003,1693.0
128,Cash,136.0,115.0,9/6/2003,1552.29
129,Cash,137.0,129.0,9/6/2003,2122.7
130,Cash,139.0,131.0,9/9/2003,516.0
131,Cash,140.0,132.0,9/9/2003,2399.02
132,Cash,141.0,133.0,9/10/2003,1110.0
133,Cash,142.0,134.0,9/10/2003,873.26
134,Cash,143.0,135.0,9/10/2003,1109.45
135,Cash,144.0,136.0,9/11/2003,1.7
136,Cash,145.0,137.0,9/11/2003,362.9
137,Cash,146.0,126.0,9/12/2003,6534.8
138,Cash,147.0,138.0,9/12/2003,4000.0
139,Cash,148.0,139.0,9/15/2003,2517.0
140,Cash,149.0,140.0,9/16/2003,909.92
141,Cash,150.0,141.0,9/13/2003,1729.24
142,Cash,151.0,142.0,9/15/2003,7.6
143,Cash,152.0,143.0,9/15/2003,22.9
144,Cash,153.0,144.0,9/17/2003,690.44
145,Cash,154.0,145.0,9/17/2003,3563.0
146,Cash,155.0,146.0,9/17/2003,1362.4
147,Cash,156.0,147.0,9/17/2003,965.81
148,Cash,158.0,149.0,9/18/2003,875.2
149,Cash,159.0,150.0,9/18/2003,9.7
150,Cash,160.0,152.0,9/19/2003,4.3
151,Cash,161.0,153.0,9/19/2003,9.7
152,Cash,162.0,155.0,9/23/2003,140.9
153,Cash,163.0,158.0,9/23/2003,726.3
154,Cash,164.0,159.0,9/23/2003,769.45
155,Cash,165.0,160.0,9/24/2003,993.49
156,Cash,166.0,165.0,9/24/2003,3527.05
157,Cash,167.0,164.0,9/24/2003,13.2
158,Cash,168.0,154.0,9/25/2003,1518.0
159,Cash,169.0,166.0,9/26/2003,100.6
160,Cash,170.0,167.0,9/26/2003,463.8
161,Cash,171.0,161.0,9/25/2003,739.6
162,Cash,172.0,168.0,9/29/2003,1823.61
163,Cash,173.0,170.0,9/29/2003,116.4
164,Cash,174.0,171.0,9/27/2003,40.2
165,Cash,175.0,172.0,9/29/2003,49.9
166,Cash,176.0,173.0,10/1/2003,1300.81
167,Cash,177.0,175.0,10/1/2003,3653.33
168,Cash,178.0,176.0,9/30/2003,65.15
169,Cash,179.0,177.0,9/30/2003,2.2
170,Cash,180.0,178.0,10/1/2003,170.41
171,Cash,181.0,179.0,10/2/2003,1639.43
172,Cash,182.0,180.0,10/2/2003,1160.5
173,Cash,183.0,182.0,10/2/2003,206.0
174,Cash,184.0,183.0,10/2/2003,433.75
175,Cash,185.0,184.0,10/2/2003,13.4
176,Cash,186.0,185.0,10/3/2003,45.6
177,Cash,187.0,186.0,10/1/2003,148.44
178,Cash,188.0,187.0,10/3/2003,477.0
179,Cash,189.0,181.0,10/2/2003,1065.4
180,Cash,190.0,189.0,10/6/2003,116.7
181,Cash,191.0,190.0,10/6/2003,2283.85
182,Cash,192.0,191.0,10/6/2003,2150.4
183,Cash,193.0,192.0,10/6/2003,318.7
184,Cash,194.0,193.0,10/6/2003,2487.77
185,Cash,195.0,195.0,10/6/2003,143.2
186,Cash,196.0,194.0,10/7/2003,6.2
187,Cash,197.0,197.0,10/7/2003,3347.47
188,Cash,198.0,196.0,10/7/2003,6516.35
189,Cash,199.0,198.0,10/8/2003,528.75
190,Cash,200.0,199.0,10/8/2003,10.9
191,Cash,201.0,197.0,10/8/2003,652.53
192,Cash,202.0,201.0,10/8/2003,99.58
193,Cash,203.0,202.0,10/8/2003,913.54
194,Cash,204.0,203.0,10/9/2003,104.4
195,Cash,205.0,204.0,10/9/2003,2848.29
196,Cash,206.0,202.0,10/9/2003,128.25
197,Cash,207.0,205.0,10/10/2003,9.79
198,Cash,208.0,206.0,10/10/2003,5765.63
199,Cash,209.0,207.0,10/10/2003,1573.67
200,Cash,210.0,193.0,10/10/2003,163.13
201,Cash,211.0,209.0,10/13/2003,193.0
202,Cash,212.0,210.0,10/13/2003,141.8
203,Cash,213.0,211.0,10/13/2003,2468.76
204,Cash,214.0,212.0,10/13/2003,1227.0
205,Cash,215.0,213.0,10/14/2003,168.45
206,Cash,216.0,214.0,10/14/2003,162.0
207,Cash,217.0,215.0,10/15/2003,935.0
208,Cash,218.0,216.0,10/16/2003,3104.75
209,Cash,219.0,217.0,10/16/2003,84.6
210,Cash,220.0,218.0,10/16/2003,2310.23
211,Cash,221.0,220.0,10/18/2003,2343.23
212,Cash,222.0,221.0,10/17/2003,3144.8
213,Cash,224.0,101.0,8/23/2003,88.9
214,Cash,225.0,222.0,10/20/2003,1518.81
215,Cash,226.0,223.0,10/20/2003,1537.29
216,Cash,227.0,224.0,10/20/2003,272.71
217,Cash,228.0,225.0,10/20/2003,512.5
218,Cash,229.0,226.0,10/21/2003,167.59
219,Cash,230.0,227.0,10/21/2003,727.27
220,Cash,231.0,228.0,10/21/2003,229.25
221,Cash,232.0,227.0,10/22/2003,64.24
222,Cash,233.0,230.0,10/22/2003,1801.0
223,Cash,234.0,231.0,10/22/2003,1715.5
224,Cash,235.0,235.0,10/23/2003,5898.0
225,Cash,236.0,234.0,10/23/2003,267.87
226,Cash,237.0,233.0,10/23/2003,2564.36
227,Cash,238.0,236.0,10/23/2003,127.5
228,Cash,239.0,238.0,10/24/2003,702.5
229,Cash,240.0,229.0,10/24/2003,4870.8
230,Cash,241.0,239.0,10/24/2003,198.3
231,Cash,242.0,237.0,10/24/2003,155.2
232,Cash,243.0,232.0,10/24/2003,0.0
233,Cash,244.0,240.0,10/24/2003,14.4
234,Cash,245.0,241.0,10/24/2003,222.25
235,Cash,246.0,242.0,10/25/2003,111.35
236,Cash,247.0,208.0,10/27/2003,9.6
237,Cash,248.0,244.0,10/27/2003,488.2
238,Cash,249.0,243.0,10/27/2003,219.35
239,Cash,250.0,245.0,10/27/2003,274.44
240,Cash,251.0,246.0,10/28/2003,94.0
241,Cash,252.0,247.0,10/28/2003,540.6
242,Cash,253.0,249.0,10/28/2003,16.8
243,Cash,254.0,250.0,10/29/2003,119.45
244,Cash,255.0,251.0,10/29/2003,148.2
245,Cash,256.0,252.0,10/30/2003,157.6
246,Cash,257.0,255.0,10/30/2003,98.15
247,Cash,258.0,253.0,10/31/2003,246.35
248,Cash,259.0,256.0,10/31/2003,1199.0
249,Cash,260.0,258.0,10/31/2003,122.65
250,Cash,261.0,259.0,11/3/2003,1990.4
251,Cash,262.0,262.0,11/3/2003,1976.79
252,Cash,263.0,257.0,11/3/2003,6655.3
253,Cash,264.0,264.0,11/4/2003,874.84
254,Cash,265.0,261.0,11/4/2003,139.55
255,Cash,266.0,263.0,11/4/2003,224.95
256,Cash,267.0,265.0,11/5/2003,12.0
257,Cash,268.0,266.0,11/5/2003,21.3
258,Cash,269.0,268.0,11/5/2003,5.4
259,Cash,270.0,269.0,11/6/2003,1211.0
260,Cash,271.0,270.0,11/6/2003,148.85
261,Cash,272.0,260.0,11/1/2003,5.2
262,Cash,273.0,271.0,11/7/2003,226.05
263,Cash,274.0,272.0,11/10/2003,286.85
264,Cash,275.0,273.0,11/10/2003,887.9
265,Cash,276.0,275.0,11/10/2003,3126.25
266,Cash,277.0,276.0,11/11/2003,208.5
267,Cash,278.0,274.0,11/10/2003,121.75
268,Cash,279.0,277.0,11/10/2003,13.62
269,Cash,283.0,280.0,11/12/2003,235.0
270,Cash,284.0,285.0,11/12/2003,201.2
271,Cash,285.0,286.0,11/13/2003,298.75
272,Cash,286.0,289.0,11/13/2003,126.6
273,Cash,288.0,290.0,11/14/2003,175.2
274,Cash,289.0,291.0,11/14/2003,128.9
275,Cash,290.0,278.0,11/11/2003,52.05
276,Cash,291.0,292.0,11/17/2003,435.3
277,Cash,292.0,293.0,11/17/2003,273.3
278,Cash,293.0,294.0,11/17/2003,824.0
279,Cash,294.0,295.0,11/17/2003,1220.3
280,Cash,295.0,296.0,11/17/2003,3.05
281,Cash,298.0,298.0,11/18/2003,151.9
282,Cash,299.0,299.0,11/18/2003,1585.7
283,Cash,300.0,300.0,11/18/2003,284.0
284,Cash,301.0,303.0,11/19/2003,852.0
285,Cash,302.0,304.0,11/19/2003,790.65
286,Cash,303.0,305.0,11/20/2003,282.7
287,Cash,304.0,306.0,11/20/2003,144.0
288,Cash,305.0,308.0,11/20/2003,155.0
289,Cash,306.0,309.0,11/21/2003,47.5
290,Cash,309.0,313.0,11/22/2003,9.7
291,Cash,310.0,315.0,11/24/2003,668.9
292,Cash,311.0,316.0,11/24/2003,482.0
293,Cash,312.0,317.0,11/24/2003,4433.0
294,Cash,313.0,281.0,11/25/2003,92.0
295,Cash,314.0,318.0,11/25/2003,330.0
296,Cash,315.0,319.0,11/25/2003,259.15
297,Cash,316.0,320.0,11/26/2003,310.51
298,Cash,317.0,321.0,11/26/2003,1004.64
299,Cash,318.0,322.0,11/26/2003,895.35
300,Cash,319.0,307.0,11/28/2003,1288.6
301,Cash,320.0,324.0,11/28/2003,711.4
302,Cash,321.0,325.0,11/28/2003,300.15
303,Cash,322.0,326.0,11/28/2003,727.5
304,Cash,323.0,323.0,11/28/2003,1320.5
305,Cash,324.0,332.0,12/1/2003,150.75
306,Cash,325.0,328.0,11/28/2003,23.45
307,Cash,326.0,314.0,11/22/2003,6654.15
308,Cash,327.0,311.0,12/1/2003,2010.05
309,Cash,329.0,329.0,11/29/2003,9944.3
310,Cash,330.0,335.0,12/1/2003,980.0
311,Cash,331.0,334.0,12/1/2003,151.0
312,Cash,332.0,333.0,12/1/2003,1525.91
313,Cash,333.0,337.0,12/2/2003,203.85
314,Cash,334.0,338.0,12/2/2003,1995.5
315,Cash,335.0,339.0,12/2/2003,82.0
316,Cash,336.0,343.0,12/3/2003,629.5
317,Cash,337.0,342.0,12/3/2003,177.5
318,Cash,338.0,341.0,12/3/2003,1075.4
319,Cash,339.0,340.0,12/3/2003,2181.4
320,Cash,340.0,336.0,12/3/2003,2320.0
321,Cash,341.0,344.0,12/6/2003,121.15
322,Cash,342.0,347.0,12/6/2003,49.74
323,Cash,343.0,349.0,12/8/2003,358.1
324,Cash,344.0,345.0,12/9/2003,1324.9
325,Cash,345.0,354.0,12/9/2003,770.0
326,Cash,346.0,350.0,12/9/2003,526.5
327,Cash,347.0,356.0,12/9/2003,42.75
328,Cash,348.0,353.0,12/9/2003,5219.7
329,Cash,349.0,352.0,12/9/2003,409.8
330,Cash,350.0,346.0,12/9/2003,2464.4
331,Cash,351.0,360.0,12/10/2003,3.2
332,Cash,352.0,358.0,12/10/2003,105.5
333,Cash,353.0,361.0,12/10/2003,168.15
334,Cash,355.0,364.0,12/12/2003,3720.6
335,Cash,356.0,362.0,12/12/2003,472.3
336,Cash,357.0,363.0,12/12/2003,17.2
337,Cash,360.0,367.0,12/12/2003,1123.4
338,Cash,361.0,368.0,12/12/2003,147.0
339,Cash,362.0,372.0,12/15/2003,1956.25
340,Cash,363.0,369.0,12/15/2003,636.75
341,Cash,364.0,371.0,12/15/2003,93.5
342,Cash,365.0,373.0,12/16/2003,321.65
343,Cash,366.0,374.0,12/16/2003,610.35
344,Cash,368.0,376.0,12/18/2003,67.75
345,Cash,369.0,377.0,12/18/2003,1491.1
346,Cash,370.0,378.0,12/18/2003,4258.94
347,Cash,371.0,379.0,12/18/2003,747.45
348,Cash,372.0,380.0,12/19/2003,353.25
349,Cash,373.0,383.0,12/19/2003,4.0
350,Cash,374.0,384.0,12/19/2003,12.4
351,Cash,375.0,385.0,12/19/2003,24.0
352,Cash,376.0,386.0,12/19/2003,3425.6
353,Cash,377.0,382.0,12/19/2003,259.0
354,Cash,378.0,387.0,12/19/2003,2.3
355,Cash,379.0,389.0,12/20/2003,135.0
356,Cash,380.0,390.0,12/22/2003,2380.95
357,Cash,381.0,391.0,12/22/2003,23.4
358,Cash,382.0,393.0,12/22/2003,1218.71
359,Cash,383.0,395.0,12/22/2003,283.0
360,Cash,384.0,394.0,12/22/2003,90.0
361,Cash,385.0,392.0,12/22/2003,195.4
362,Cash,386.0,396.0,12/23/2003,1128.3
363,Cash,387.0,381.0,12/23/2003,488.5
364,Cash,388.0,397.0,12/23/2003,245.8
365,Cash,390.0,400.0,12/24/2003,1232.95
366,Cash,391.0,390.0,12/25/2003,704.05
367,Cash,392.0,388.0,12/26/2003,4449.2
368,Cash,393.0,399.0,12/26/2003,5261.74
369,Cash,394.0,401.0,12/26/2003,1153.55
370,Cash,395.0,402.0,12/26/2003,101.7
371,Cash,396.0,405.0,12/27/2003,5.9
372,Cash,397.0,404.0,12/27/2003,126.25
373,Cash,398.0,403.0,12/30/2003,3300.75
374,Cash,399.0,408.0,12/30/2003,512.7
375,Cash,400.0,409.0,12/30/2003,297.1
376,Cash,401.0,410.0,12/30/2003,645.5
377,Cash,402.0,406.0,12/30/2003,1806.4
378,Cash,403.0,413.0,1/5/2004,5586.9
379,Cash,404.0,411.0,1/5/2004,16.25
380,Cash,405.0,412.0,1/5/2004,15.8
381,Cash,406.0,398.0,12/23/2003,383.89
382,Cash,407.0,416.0,1/10/2004,822.65
383,Cash,408.0,420.0,1/10/2004,23.0
384,Cash,409.0,415.0,1/10/2004,4133.15
385,Cash,410.0,418.0,1/10/2004,2978.4
386,Cash,411.0,427.0,1/14/2004,3367.5
387,Cash,413.0,432.0,1/13/2004,287.1
388,Cash,414.0,421.0,1/12/2004,89.4
389,Cash,415.0,433.0,1/14/2004,257.1
390,Cash,417.0,439.0,1/15/2004,526.65
391,Cash,418.0,434.0,1/14/2004,658.0
392,Cash,419.0,440.0,1/15/2004,79.0
393,Cash,421.0,430.0,1/15/2004,2288.85
394,Cash,422.0,435.0,1/16/2004,2105.6
395,Cash,423.0,444.0,1/16/2004,169.75
396,Cash,424.0,445.0,1/16/2004,3993.4
397,Cash,425.0,441.0,1/16/2004,407.45
398,Cash,426.0,443.0,1/16/2004,86.55
399,Cash,427.0,446.0,1/16/2004,271.5
400,Cash,428.0,425.0,1/19/2004,2815.9
401,Cash,429.0,431.0,1/19/2004,1831.3
402,Cash,430.0,451.0,1/19/2004,5128.4
403,Cash,431.0,453.0,1/19/2004,896.3
404,Cash,432.0,452.0,1/20/2004,874.15
405,Cash,433.0,454.0,1/20/2004,841.3
406,Cash,434.0,455.0,1/19/2004,4.4
407,Cash,435.0,468.0,1/23/2004,4048.95
408,Cash,436.0,474.0,1/23/2004,4740.35
409,Cash,437.0,467.0,1/23/2004,2045.0
410,Cash,438.0,464.0,1/23/2004,2178.1
411,Cash,439.0,472.0,1/23/2004,311.0
412,Cash,440.0,447.0,1/23/2004,3.7
413,Cash,442.0,448.0,1/24/2004,5190.31
414,Cash,443.0,470.0,1/24/2004,1324.6
415,Cash,444.0,471.0,1/24/2004,2.3
416,Cash,445.0,460.0,1/24/2004,595.4
417,Cash,446.0,473.0,1/24/2004,454.0
418,Cash,447.0,462.0,1/24/2004,308.0
419,Cash,448.0,469.0,1/24/2004,862.75
420,Cash,449.0,450.0,1/24/2004,15.0
421,Cash,450.0,449.0,1/24/2004,89.5
422,Cash,451.0,463.0,1/24/2004,35.55
423,Cash,453.0,461.0,1/24/2004,82.65
424,Cash,457.0,475.0,1/24/2004,198.95
425,Cash,458.0,478.0,1/26/2004,310.4
426,Cash,459.0,486.0,1/26/2004,375.6
427,Cash,461.0,487.0,1/26/2004,1743.2
428,Cash,462.0,488.0,1/26/2004,223.0
429,Cash,463.0,477.0,1/26/2004,261.25
430,Cash,464.0,485.0,1/28/2004,4268.0
431,Cash,465.0,492.0,1/28/2004,686.6
432,Cash,466.0,495.0,1/30/2004,1154.0
433,Cash,467.0,497.0,1/30/2004,1810.2
434,Cash,468.0,489.0,1/30/2004,2870.2
435,Cash,469.0,491.0,1/30/2004,343.0
436,Cash,470.0,498.0,1/30/2004,332.35
437,Cash,472.0,501.0,1/31/2004,3.1
438,Cash,473.0,500.0,1/31/2004,125.4
439,Cash,474.0,499.0,2/3/2004,3713.6
440,Cash,475.0,505.0,2/3/2004,463.25
441,Cash,476.0,509.0,2/3/2004,328.0
442,Cash,477.0,510.0,2/3/2004,625.1
443,Cash,478.0,503.0,2/3/2004,1184.8
444,Cash,479.0,508.0,2/3/2004,154.8
445,Cash,481.0,502.0,2/3/2004,90.5
446,Cash,482.0,504.0,2/3/2004,75.1
447,Cash,483.0,519.0,2/6/2004,1576.7
448,Cash,484.0,517.0,2/6/2004,3724.5
449,Cash,485.0,513.0,2/4/2004,96.7
450,Cash,486.0,516.0,2/5/2004,89.0
451,Cash,487.0,514.0,2/5/2004,175.45
452,Cash,489.0,506.0,2/2/2004,7964.84
453,Cash,491.0,523.0,2/6/2004,1262.7
454,Cash,492.0,532.0,2/7/2004,231.3
455,Cash,493.0,533.0,2/9/2004,1127.7
456,Cash,494.0,522.0,2/7/2004,208.75
457,Cash,495.0,526.0,2/7/2004,766.0
458,Cash,496.0,536.0,2/9/2004,444.5
459,Cash,497.0,524.0,2/6/2004,5520.2
460,Cash,498.0,542.0,2/10/2004,1782.0
461,Cash,499.0,538.0,2/9/2004,870.35
462,Cash,500.0,535.0,2/9/2004,268.9
463,Cash,501.0,543.0,2/10/2004,422.1
464,Cash,502.0,527.0,2/7/2004,216.2
465,Cash,503.0,534.0,2/9/2004,583.8
466,Cash,504.0,540.0,2/10/2004,5581.75
467,Cash,506.0,541.0,2/20/2004,6527.0
468,Cash,507.0,566.0,2/20/2004,698.6
469,Cash,508.0,567.0,2/20/2004,2495.5
470,Cash,509.0,557.0,2/16/2004,251.85
471,Cash,510.0,565.0,2/14/2004,657.0
472,Cash,511.0,552.0,2/13/2004,481.0
473,Cash,512.0,564.0,2/16/2004,517.6
474,Cash,513.0,562.0,2/16/2004,4710.82
475,Cash,514.0,572.0,2/18/2004,1968.0
476,Cash,515.0,553.0,2/13/2004,20.4
477,Cash,516.0,550.0,2/12/2004,406.45
478,Cash,517.0,576.0,2/20/2004,122.0
479,Cash,519.0,547.0,2/12/2004,649.2
480,Cash,520.0,544.0,2/11/2004,390.85
481,Cash,521.0,555.0,2/16/2004,316.55
482,Cash,522.0,539.0,2/10/2004,1138.0
483,Cash,523.0,549.0,2/12/2004,3497.1
484,Cash,524.0,559.0,2/16/2004,393.3
485,Cash,525.0,546.0,2/12/2004,411.15
486,Cash,526.0,563.0,2/16/2004,261.6
487,Cash,527.0,573.0,2/19/2004,79.1
488,Cash,528.0,569.0,2/16/2004,321.5
489,Cash,530.0,494.0,2/20/2004,4010.26
490,Cash,532.0,558.0,2/20/2004,527.2
491,Cash,535.0,574.0,2/21/2004,8771.64
492,Cash,536.0,583.0,2/24/2004,93.6
493,Cash,537.0,604.0,2/27/2004,52.3
494,Cash,538.0,598.0,2/25/2004,1312.45
495,Cash,539.0,619.0,3/2/2004,196.0
496,Cash,540.0,599.0,2/25/2004,1231.6
497,Cash,541.0,575.0,2/20/2004,6399.2
498,Cash,542.0,588.0,2/24/2004,7033.9
499,Cash,543.0,594.0,2/25/2004,561.0
500,Cash,544.0,609.0,2/28/2004,2724.9
501,Cash,545.0,616.0,3/2/2004,2597.0
502,Cash,546.0,589.0,2/24/2004,886.75
503,Cash,547.0,602.0,2/26/2004,955.8
504,Cash,548.0,614.0,3/1/2004,817.75
505,Cash,549.0,622.0,3/2/2004,305.25
506,Cash,550.0,571.0,2/18/2004,2050.3
507,Cash,551.0,587.0,2/24/2004,4342.25
508,Cash,552.0,592.0,2/25/2004,2744.65
509,Cash,553.0,597.0,2/25/2004,498.7
510,Cash,554.0,611.0,3/1/2004,165.2
511,Cash,555.0,600.0,2/26/2004,842.75
512,Cash,556.0,577.0,2/20/2004,2451.9
513,Cash,557.0,601.0,2/26/2004,681.7
514,Cash,558.0,605.0,3/1/2004,2517.7
515,Cash,559.0,606.0,3/1/2004,378.0
516,Cash,560.0,586.0,3/1/2004,3566.74
517,Cash,561.0,582.0,2/23/2004,491.8
518,Cash,562.0,590.0,2/24/2004,529.6
519,Cash,563.0,621.0,3/2/2004,876.4
520,Cash,565.0,612.0,3/1/2004,3009.35
521,Cash,566.0,624.0,3/3/2004,1215.6
522,Cash,568.0,615.0,2/28/2004,684.39
523,Cash,569.0,643.0,3/22/2004,6661.0
524,Cash,570.0,682.0,3/24/2004,907.0
525,Cash,571.0,633.0,3/4/2004,3236.94
526,Cash,572.0,618.0,3/2/2004,1485.2
527,Cash,573.0,636.0,3/5/2004,435.9
528,Cash,574.0,608.0,3/1/2004,3541.21
529,Cash,575.0,603.0,3/17/2004,8836.99
530,Cash,576.0,653.0,3/12/2004,201.35
531,Cash,577.0,591.0,2/25/2004,260.85
532,Cash,578.0,610.0,3/2/2004,364.0
533,Cash,579.0,620.0,3/2/2004,117.8
534,Cash,580.0,617.0,3/2/2004,241.5
535,Cash,581.0,627.0,3/3/2004,704.75
536,Cash,582.0,687.0,3/26/2004,2066.75
537,Cash,584.0,637.0,3/6/2004,446.2
538,Cash,585.0,659.0,3/15/2004,387.0
539,Cash,586.0,666.0,3/17/2004,407.3
540,Cash,587.0,631.0,3/4/2004,841.0
541,Cash,588.0,635.0,3/5/2004,8048.15
542,Cash,589.0,650.0,3/11/2004,1032.0
543,Cash,590.0,661.0,3/16/2004,5049.7
544,Cash,591.0,664.0,3/17/2004,326.3
545,Cash,592.0,669.0,3/18/2004,4864.4
546,Cash,593.0,672.0,3/19/2004,960.0
547,Cash,594.0,680.0,3/23/2004,754.8
548,Cash,595.0,700.0,4/2/2004,951.05
549,Cash,596.0,711.0,4/10/2004,2407.1
550,Cash,597.0,670.0,3/19/2004,1142.0
551,Cash,598.0,686.0,3/25/2004,1935.3
552,Cash,599.0,699.0,4/1/2004,1278.0
553,Cash,600.0,578.0,2/21/2004,57.8
554,Cash,601.0,607.0,2/28/2004,6.2
555,Cash,602.0,651.0,4/10/2004,0.0
556,Cash,603.0,657.0,3/13/2004,70.35
557,Cash,604.0,701.0,4/3/2004,26.75
558,Cash,605.0,710.0,4/9/2004,7.9
559,Cash,606.0,585.0,2/24/2004,0.0
560,Cash,607.0,660.0,3/15/2004,20534.7
561,Cash,608.0,691.0,3/29/2004,649.9
562,Cash,609.0,647.0,3/11/2004,1171.8
563,Cash,610.0,679.0,3/23/2004,833.4
564,Cash,611.0,667.0,3/17/2004,718.7
565,Cash,612.0,677.0,3/22/2004,117.8
566,Cash,613.0,683.0,3/24/2004,138.2
567,Cash,614.0,697.0,3/30/2004,1100.45
568,Cash,616.0,656.0,3/13/2004,643.5
569,Cash,617.0,705.0,4/5/2004,440.1
570,Cash,618.0,630.0,3/4/2004,247.9
571,Cash,619.0,634.0,3/5/2004,294.6
572,Cash,620.0,640.0,3/9/2004,474.45
573,Cash,621.0,652.0,3/12/2004,353.3
574,Cash,622.0,681.0,3/24/2004,548.45
575,Cash,623.0,707.0,4/6/2003,343.3
576,Cash,625.0,628.0,3/4/2004,211.1
577,Cash,626.0,632.0,3/4/2004,8.7
578,Cash,627.0,706.0,4/6/2004,581.6
579,Cash,628.0,735.0,4/22/2004,702.0
580,Cash,629.0,595.0,3/1/2004,1721.4
581,Cash,630.0,623.0,3/2/2004,4020.2
582,Cash,631.0,642.0,3/10/2004,5030.0
583,Cash,632.0,665.0,3/17/2004,8408.6
584,Cash,633.0,668.0,3/25/2004,100.0
585,Cash,634.0,690.0,4/29/2004,740.2
586,Cash,635.0,731.0,4/19/2004,630.75
587,Cash,636.0,720.0,4/15/2004,969.5
588,Cash,637.0,704.0,4/5/2004,1047.12
589,Cash,638.0,704.0,4/7/2004,426.28
590,Cash,639.0,668.0,3/25/2004,503.42
591,Cash,640.0,668.0,3/29/2004,289.47
592,Cash,641.0,668.0,4/7/2004,996.06
593,Cash,642.0,668.0,4/23/2004,785.34
594,Cash,643.0,668.0,4/19/2004,924.96
595,Cash,644.0,668.0,4/22/2004,1625.55
596,Cash,645.0,717.0,4/14/2004,8215.45
597,Cash,646.0,712.0,4/10/2004,614.7
598,Cash,647.0,736.0,4/22/2004,755.2
599,Cash,648.0,641.0,3/9/2004,2050.45
600,Cash,649.0,655.0,3/13/2004,880.9
601,Cash,650.0,662.0,3/17/2004,2534.35
602,Cash,651.0,675.0,3/22/2004,1965.8
603,Cash,652.0,703.0,4/5/2004,1021.7
604,Cash,653.0,713.0,4/12/2004,1579.0
605,Cash,654.0,729.0,4/19/2004,1048.2
606,Cash,655.0,716.0,4/14/2004,224.1
607,Cash,656.0,714.0,4/13/2004,176.37
608,Cash,657.0,714.0,4/14/2004,9.13
609,Cash,658.0,702.0,4/5/2004,162.3
610,Cash,659.0,702.0,4/13/2004,19.1
611,Cash,660.0,693.0,3/29/2004,79.3
612,Cash,661.0,689.0,4/29/2004,337.25
613,Cash,662.0,658.0,4/15/2004,109.0
614,Cash,663.0,701.0,4/8/2004,45.55
615,Cash,664.0,673.0,3/19/2004,286.6
616,Cash,665.0,676.0,3/22/2004,235.9
617,Cash,666.0,718.0,4/15/2004,125.6
618,Cash,667.0,734.0,4/21/2004,106.95
619,Cash,668.0,732.0,4/20/2004,62.9
620,Cash,669.0,728.0,4/19/2004,180.05
621,Cash,670.0,724.0,4/23/2004,134.3
622,Cash,671.0,727.0,4/17/2004,10.85
623,Cash,672.0,719.0,4/15/2004,58.8
624,Cash,673.0,708.0,4/7/2004,1946.25
625,Cash,674.0,715.0,4/13/2004,2261.37
626,Cash,675.0,737.0,4/23/2004,349.4
627,Cash,677.0,723.0,4/15/2004,2443.28
628,Cash,678.0,723.0,4/17/2004,1062.4
629,Cash,679.0,740.0,4/23/2004,841.0
630,Cash,680.0,739.0,4/23/2004,4.1
631,Cash,681.0,726.0,4/16/2004,28.3
632,Cash,683.0,721.0,4/15/2004,3043.45
633,Cash,684.0,722.0,4/15/2004,2767.7
634,Cash,685.0,639.0,3/6/2004,298.22
635,Cash,686.0,646.0,3/10/2004,80.8
636,Cash,687.0,695.0,3/30/2004,205.0
637,Cash,688.0,738.0,4/23/2004,1840.0
638,Cash,689.0,668.0,5/5/2004,1919.72
639,Cash,690.0,767.0,5/17/2004,6384.39
640,Cash,692.0,1864.0,8/22/2005,625.0
641,Cash,693.0,1864.0,9/10/2005,526.32
642,Cash,694.0,1510.0,2/22/2005,4961.2
643,Cash,695.0,1526.0,3/1/2005,4409.8
644,Cash,696.0,1531.0,3/1/2005,1318.0
645,Cash,697.0,1541.0,3/9/2005,954.95
646,Cash,698.0,1546.0,3/11/2005,1233.0
647,Cash,699.0,1662.0,6/4/2005,2163.6
648,Bank Transfer,280.0,282.0,11/12/2003,138.2
649,Bank Transfer,281.0,283.0,11/12/2003,59.75
650,Bank Transfer,282.0,284.0,11/12/2003,290.25
651,Bank Transfer,287.0,288.0,11/14/2003,457.5
652,Bank Transfer,296.0,297.0,11/18/2003,210.3
653,Bank Transfer,297.0,267.0,11/18/2003,1664.43
654,Bank Transfer,328.0,330.0,12/1/2003,18.2
655,Bank Transfer,354.0,359.0,12/10/2003,296.5
656,Bank Transfer,358.0,355.0,12/12/2003,215.2
657,Bank Transfer,359.0,365.0,12/12/2003,827.6
658,Bank Transfer,367.0,375.0,12/18/2003,1473.07
659,Bank Transfer,389.0,351.0,12/23/2003,1958.33
660,Bank Transfer,412.0,438.0,1/14/2004,213.9
661,Bank Transfer,416.0,424.0,1/12/2004,147.35
662,Bank Transfer,420.0,419.0,1/16/2004,843.97
663,Bank Transfer,441.0,459.0,1/24/2004,4470.26
664,Bank Transfer,452.0,348.0,1/24/2004,1505.55
665,Bank Transfer,454.0,428.0,1/24/2004,329.1
666,Bank Transfer,455.0,442.0,1/24/2004,218.6
667,Bank Transfer,456.0,457.0,1/24/2004,200.4
668,Bank Transfer,460.0,476.0,1/26/2004,863.0
669,Bank Transfer,471.0,490.0,1/30/2004,364.8
670,Bank Transfer,488.0,493.0,2/6/2004,2237.12
671,Bank Transfer,490.0,507.0,2/6/2004,1022.32
672,Bank Transfer,505.0,560.0,2/20/2004,897.59
673,Bank Transfer,518.0,521.0,2/20/2004,2486.7
674,Bank Transfer,529.0,512.0,2/20/2004,3504.96
675,Bank Transfer,531.0,518.0,2/20/2004,1599.8
676,Bank Transfer,533.0,568.0,2/16/2004,366.9
677,Bank Transfer,534.0,570.0,2/17/2004,704.32
678,Bank Transfer,564.0,613.0,3/1/2004,466.1
679,Bank Transfer,583.0,688.0,4/9/2004,2529.67
680,Bank Transfer,624.0,696.0,4/1/2004,1502.17
681,Bank Transfer,676.0,678.0,3/30/2004,313.7
682,Bank Transfer,682.0,709.0,4/8/2004,3263.7
683,Bank Transfer,691.0,789.0,5/19/2004,1595.5
